"Subject","Metabolite","Sequence","Location","Field","CV_tCr","CV_tissue"
"sub-01","Mac","steam","ul",3,7.54139222685954,7.96107111156789
"sub-02","Mac","steam","ul",3,1.69459141460828,1.13891131064493
"sub-03","Mac","steam","ul",3,2.31276597117345,2.6982745119775
"sub-04","Mac","steam","ul",3,1.92323644394503,0.31930548457542
"sub-05","Mac","steam","ul",3,4.62053439281758,2.15536903484643
"sub-01","Mac","steam","ll",3,3.85793940881541,4.18323271448283
"sub-02","Mac","steam","ll",3,22.9820463270612,21.0698821075516
"sub-03","Mac","steam","ll",3,7.60329872243599,0.155861756934258
"sub-04","Mac","steam","ll",3,3.14346901043483,4.59731653977291
"sub-05","Mac","steam","ll",3,19.0423729224384,18.8396815657451
"sub-01","Mac","steam","ul",7,NA,NA
"sub-02","Mac","steam","ul",7,NA,NA
"sub-03","Mac","steam","ul",7,NA,NA
"sub-04","Mac","steam","ul",7,NA,NA
"sub-05","Mac","steam","ul",7,NA,NA
"sub-01","Mac","steam","ll",7,NA,NA
"sub-02","Mac","steam","ll",7,NA,NA
"sub-03","Mac","steam","ll",7,NA,NA
"sub-04","Mac","steam","ll",7,NA,NA
"sub-05","Mac","steam","ll",7,NA,NA
"sub-01","Mac","slaser","ul",3,13.1375030384386,6.54130672862054
"sub-02","Mac","slaser","ul",3,8.97913372935298,3.31916159122587
"sub-03","Mac","slaser","ul",3,11.9422478600395,7.05046494521262
"sub-04","Mac","slaser","ul",3,3.33316327832043,66.8562349246463
"sub-05","Mac","slaser","ul",3,27.7902228413927,31.4929233536576
"sub-01","Mac","slaser","ll",3,0.895071874919687,6.63735818792065
"sub-02","Mac","slaser","ll",3,8.80985497871764,0.0298285153108438
"sub-03","Mac","slaser","ll",3,7.34020880124444,4.87353246659926
"sub-04","Mac","slaser","ll",3,6.26550312443777,90.2156328511561
"sub-05","Mac","slaser","ll",3,8.77787728369508,3.44824809114181
"sub-01","Mac","slaser","ul",7,0.619044460013025,0.91272642006603
"sub-02","Mac","slaser","ul",7,1.08785658644085,5.43865808936709
"sub-03","Mac","slaser","ul",7,2.24140329840923,0.508108139431422
"sub-04","Mac","slaser","ul",7,6.31238538446935,6.79142664281517
"sub-05","Mac","slaser","ul",7,5.52233832860365,2.76260872302532
"sub-01","Mac","slaser","ll",7,0.438132479984308,4.07812890157209
"sub-02","Mac","slaser","ll",7,5.27691627751155,6.01355269278804
"sub-03","Mac","slaser","ll",7,2.38912624117344,0.611011930304873
"sub-04","Mac","slaser","ll",7,3.33376320762607,0.0579057602724039
"sub-05","Mac","slaser","ll",7,0.337118148012143,1.82313469723017
"sub-01","Asp","steam","ul",3,17.2786876617167,17.6945288227508
"sub-02","Asp","steam","ul",3,16.3810437609686,19.1749968886135
"sub-03","Asp","steam","ul",3,3.97623329277002,3.57299924096169
"sub-04","Asp","steam","ul",3,5.81919605500579,4.21700954913557
"sub-05","Asp","steam","ul",3,8.56391126505138,6.11286491693853
"sub-01","Asp","steam","ll",3,15.5016742757471,7.42303271830349
"sub-02","Asp","steam","ll",3,10.3202860761397,12.3069109447424
"sub-03","Asp","steam","ll",3,41.639249140735,34.7216534788649
"sub-04","Asp","steam","ll",3,0.937907360836536,2.39239826906047
"sub-05","Asp","steam","ll",3,29.2611860383536,29.3787301668817
"sub-01","Asp","steam","ul",7,NA,NA
"sub-02","Asp","steam","ul",7,NA,NA
"sub-03","Asp","steam","ul",7,NA,NA
"sub-04","Asp","steam","ul",7,NA,NA
"sub-05","Asp","steam","ul",7,NA,NA
"sub-01","Asp","steam","ll",7,NA,NA
"sub-02","Asp","steam","ll",7,NA,NA
"sub-03","Asp","steam","ll",7,NA,NA
"sub-04","Asp","steam","ll",7,NA,NA
"sub-05","Asp","steam","ll",7,41.1785691187935,37.7729155682395
"sub-01","Asp","slaser","ul",3,12.6482392733319,19.1943920646242
"sub-02","Asp","slaser","ul",3,6.55772733783766,0.85928024661556
"sub-03","Asp","slaser","ul",3,12.6038023875605,17.7667463088547
"sub-04","Asp","slaser","ul",3,0.375762655013308,8.95996134829186
"sub-05","Asp","slaser","ul",3,22.1526498355939,25.9184831600115
"sub-01","Asp","slaser","ll",3,9.56893204532476,2.19097112664955
"sub-02","Asp","slaser","ll",3,7.33549823463077,1.477632868097
"sub-03","Asp","slaser","ll",3,8.97330161848571,11.4031017145563
"sub-04","Asp","slaser","ll",3,9.54513096003438,10.4176958598695
"sub-05","Asp","slaser","ll",3,2.62976738650026,7.76590261564173
"sub-01","Asp","slaser","ul",7,NA,NA
"sub-02","Asp","slaser","ul",7,NA,NA
"sub-03","Asp","slaser","ul",7,NA,NA
"sub-04","Asp","slaser","ul",7,NA,NA
"sub-05","Asp","slaser","ul",7,NA,NA
"sub-01","Asp","slaser","ll",7,NA,NA
"sub-02","Asp","slaser","ll",7,NA,NA
"sub-03","Asp","slaser","ll",7,NA,NA
"sub-04","Asp","slaser","ll",7,NA,NA
"sub-05","Asp","slaser","ll",7,NA,NA
"sub-01","GPC","steam","ul",3,10.8061856004213,11.2259207909982
"sub-02","GPC","steam","ul",3,0.950596160020072,3.78861825019779
"sub-03","GPC","steam","ul",3,0.0936350588768085,0.4971547629705
"sub-04","GPC","steam","ul",3,0.663777254130994,2.26781142970307
"sub-05","GPC","steam","ul",3,7.49079534348891,5.03795333201733
"sub-01","GPC","steam","ll",3,3.87422763618983,4.25786450598535
"sub-02","GPC","steam","ll",3,3.16663525914543,5.16432218789243
"sub-03","GPC","steam","ll",3,1.39088625865841,8.84292998879976
"sub-04","GPC","steam","ll",3,5.42431537998715,3.97122813704755
"sub-05","GPC","steam","ll",3,2.44532474571428,2.32253648157113
"sub-01","GPC","steam","ul",7,5.31009652561709,2.15537705515272
"sub-02","GPC","steam","ul",7,0.853449594982863,0.144367667394268
"sub-03","GPC","steam","ul",7,0.257173216266794,0.0432610679719321
"sub-04","GPC","steam","ul",7,10.7337054453441,12.7633061754051
"sub-05","GPC","steam","ul",7,3.8562321788221,4.80564127181093
"sub-01","GPC","steam","ll",7,7.31441575199361,6.99660604355917
"sub-02","GPC","steam","ll",7,3.41462195294563,6.28863752418349
"sub-03","GPC","steam","ll",7,1.10943988838551,1.71319528738595
"sub-04","GPC","steam","ll",7,10.5848820560645,7.37588932218906
"sub-05","GPC","steam","ll",7,2.19157167681913,5.87427595419601
"sub-01","GPC","slaser","ul",3,8.74943869276279,2.1290191169727
"sub-02","GPC","slaser","ul",3,25.9479155423317,20.3987158327597
"sub-03","GPC","slaser","ul",3,11.5542505506087,6.35200612536851
"sub-04","GPC","slaser","ul",3,24.8764272884789,34.2415962579249
"sub-05","GPC","slaser","ul",3,8.67820735323034,4.80915888125166
"sub-01","GPC","slaser","ll",3,5.89088426649781,1.49807762624054
"sub-02","GPC","slaser","ll",3,0.922944032109603,9.72734752077557
"sub-03","GPC","slaser","ll",3,0.97253870478625,1.46993105179744
"sub-04","GPC","slaser","ll",3,0.897859302319607,0.329779353594752
"sub-05","GPC","slaser","ll",3,3.40471853581424,1.73818809153171
"sub-01","GPC","slaser","ul",7,3.72593235980069,3.42912591803741
"sub-02","GPC","slaser","ul",7,10.1174152164063,5.77421500290515
"sub-03","GPC","slaser","ul",7,4.33077360842073,1.58920212568065
"sub-04","GPC","slaser","ul",7,23.5184774743332,23.0554336182592
"sub-05","GPC","slaser","ul",7,2.30131445994607,0.457885623644206
"sub-01","GPC","slaser","ll",7,3.23186485489523,1.23119769753262
"sub-02","GPC","slaser","ll",7,1.40094718070077,2.51322512158184
"sub-03","GPC","slaser","ll",7,8.37995724321499,5.36034890213096
"sub-04","GPC","slaser","ll",7,0.828339783795607,2.55951264063663
"sub-05","GPC","slaser","ll",7,3.65184294854637,2.19334080721292
"sub-01","Cr","steam","ul",3,2.40844679382396,2.83059953434675
"sub-02","Cr","steam","ul",3,10.0845571327299,12.9046205565592
"sub-03","Cr","steam","ul",3,1.38417151360388,1.78764235506407
"sub-04","Cr","steam","ul",3,0.881754349969162,0.722451605488659
"sub-05","Cr","steam","ul",3,6.48092969825246,8.93129609268829
"sub-01","Cr","steam","ll",3,3.47320684920967,4.65875755584223
"sub-02","Cr","steam","ll",3,8.31004550910474,10.3008101872189
"sub-03","Cr","steam","ll",3,2.86278591807598,4.59875165191
"sub-04","Cr","steam","ll",3,5.31748812906711,3.86432850769309
"sub-05","Cr","steam","ll",3,1.24041867993927,1.11760375044769
"sub-01","Cr","steam","ul",7,1.20739807259949,4.35067184291513
"sub-02","Cr","steam","ul",7,1.72244529777208,1.01342089812079
"sub-03","Cr","steam","ul",7,4.30993846097104,4.6100740122387
"sub-04","Cr","steam","ul",7,6.00898647104595,8.0403864318874
"sub-05","Cr","steam","ul",7,2.82113080883596,1.87360225865305
"sub-01","Cr","steam","ll",7,4.93566436543658,5.23561608720077
"sub-02","Cr","steam","ll",7,2.50619085964918,0.275137903141042
"sub-03","Cr","steam","ll",7,1.64695237278903,1.1756881279044
"sub-04","Cr","steam","ll",7,39.8788299212869,36.8895877818874
"sub-05","Cr","steam","ll",7,11.6870877544152,7.98634153403165
"sub-01","Cr","slaser","ul",3,7.82147916690193,1.19799253259422
"sub-02","Cr","slaser","ul",3,4.97349522358302,0.727588983363593
"sub-03","Cr","slaser","ul",3,1.23322323379331,3.98946640913166
"sub-04","Cr","slaser","ul",3,4.46248807179732,4.33660494919485
"sub-05","Cr","slaser","ul",3,3.1928592350019,5.62322337020065
"sub-01","Cr","slaser","ll",3,0.622227615496213,8.00609110870674
"sub-02","Cr","slaser","ll",3,0.457265339634273,1.55103298111246
"sub-03","Cr","slaser","ll",3,0.674276973014931,1.76816368907264
"sub-04","Cr","slaser","ll",3,6.959775820143,10.5559001946902
"sub-05","Cr","slaser","ll",3,4.88463416288251,0.257073672198551
"sub-01","Cr","slaser","ul",7,3.20594317042029,2.92398322866049
"sub-02","Cr","slaser","ul",7,7.38634250333934,11.5827047217395
"sub-03","Cr","slaser","ul",7,0.680030065404559,2.09515580442662
"sub-04","Cr","slaser","ul",7,1.12763534722373,1.62102750039923
"sub-05","Cr","slaser","ul",7,3.28692909273565,0.517259112931172
"sub-01","Cr","slaser","ll",7,5.22667537869048,9.62248096560175
"sub-02","Cr","slaser","ll",7,1.13171881157334,0.0302859554692023
"sub-03","Cr","slaser","ll",7,4.31973751172891,1.4114297933047
"sub-04","Cr","slaser","ll",7,1.46073747669579,1.94480380455426
"sub-05","Cr","slaser","ll",7,3.38319763726575,4.95884504829795
"sub-01","PCr","steam","ul",3,3.4035991651202,2.98151645145757
"sub-02","PCr","steam","ul",3,13.7464789658105,10.9292686941652
"sub-03","PCr","steam","ul",3,1.88304524517306,1.47958066987145
"sub-04","PCr","steam","ul",3,1.09668046940078,2.70059629078015
"sub-05","PCr","steam","ul",3,9.20876632515727,6.75893527479219
"sub-01","PCr","steam","ll",3,4.58019806727065,12.6819901091096
"sub-02","PCr","steam","ll",3,12.662288818749,10.6764813886368
"sub-03","PCr","steam","ll",3,5.45051255605973,12.8809661521709
"sub-04","PCr","steam","ll",3,7.06634439969069,8.51662159810594
"sub-05","PCr","steam","ll",3,1.88939117987046,2.01219110398808
"sub-01","PCr","steam","ul",7,1.63987358411042,1.50461402873818
"sub-02","PCr","steam","ul",7,2.07457645518031,2.78345811850647
"sub-03","PCr","steam","ul",7,4.15801420246044,3.85782120916391
"sub-04","PCr","steam","ul",7,5.96878300395871,3.93485494766279
"sub-05","PCr","steam","ul",7,3.57889856150381,4.52590983867799
"sub-01","PCr","steam","ll",7,6.9811879405238,6.6815488142679
"sub-02","PCr","steam","ll",7,3.33920629674384,6.11759868834507
"sub-03","PCr","steam","ll",7,2.04838065267334,4.86934024792304
"sub-04","PCr","steam","ll",7,NA,NA
"sub-05","PCr","steam","ll",7,9.53811628858475,13.2327501200216
"sub-01","PCr","slaser","ul",3,11.7613367330568,4.49551849850933
"sub-02","PCr","slaser","ul",3,6.24457551032195,11.9364686307076
"sub-03","PCr","slaser","ul",3,2.0264264540184,2.62580529595841
"sub-04","PCr","slaser","ul",3,2.83251590023019,1.38247097312997
"sub-05","PCr","slaser","ul",3,12.585745556219,16.4108717635448
"sub-01","PCr","slaser","ll",3,0.630664589096146,5.23339293955084
"sub-02","PCr","slaser","ll",3,0.487613515228398,8.32253112603024
"sub-03","PCr","slaser","ll",3,0.598819164536506,3.0408920919449
"sub-04","PCr","slaser","ll",3,7.88337708020388,7.91528276306961
"sub-05","PCr","slaser","ll",3,4.47915482307329,0.129220763243488
"sub-01","PCr","slaser","ul",7,3.70086206161077,3.98274628809782
"sub-02","PCr","slaser","ul",7,6.51911089461383,2.30789153250057
"sub-03","PCr","slaser","ul",7,0.676132463788803,3.45079692844209
"sub-04","PCr","slaser","ul",7,0.888857003156069,0.395428315536442
"sub-05","PCr","slaser","ul",7,3.18066271118019,5.94794817583733
"sub-01","PCr","slaser","ll",7,6.34475625896207,1.94058159622517
"sub-02","PCr","slaser","ll",7,1.28035660318938,2.44217757244046
"sub-03","PCr","slaser","ll",7,5.01303014603503,7.91645192243302
"sub-04","PCr","slaser","ll",7,1.59742896605332,5.00112647329897
"sub-05","PCr","slaser","ll",7,3.87132132633763,2.29505152374822
"sub-01","GABA","steam","ul",3,17.4145318993624,16.9984857636561
"sub-02","GABA","steam","ul",3,16.4061124907587,19.1999396447205
"sub-03","GABA","steam","ul",3,NA,NA
"sub-04","GABA","steam","ul",3,NA,NA
"sub-05","GABA","steam","ul",3,NA,NA
"sub-01","GABA","steam","ll",3,NA,NA
"sub-02","GABA","steam","ll",3,NA,NA
"sub-03","GABA","steam","ll",3,48.0346246642277,41.317951011236
"sub-04","GABA","steam","ll",3,46.78943026016,45.4895822288089
"sub-05","GABA","steam","ll",3,NA,NA
"sub-01","GABA","steam","ul",7,19.9818560395648,23.0676974431523
"sub-02","GABA","steam","ul",7,NA,NA
"sub-03","GABA","steam","ul",7,NA,NA
"sub-04","GABA","steam","ul",7,NA,NA
"sub-05","GABA","steam","ul",7,NA,NA
"sub-01","GABA","steam","ll",7,3.25090192870514,3.57258206134305
"sub-02","GABA","steam","ll",7,8.83607687076037,5.94995012819766
"sub-03","GABA","steam","ll",7,NA,NA
"sub-04","GABA","steam","ll",7,111.121723937652,109.867031606081
"sub-05","GABA","steam","ll",7,2.52863040846792,1.15089592921425
"sub-01","GABA","slaser","ul",3,NA,NA
"sub-02","GABA","slaser","ul",3,NA,NA
"sub-03","GABA","slaser","ul",3,NA,NA
"sub-04","GABA","slaser","ul",3,NA,NA
"sub-05","GABA","slaser","ul",3,NA,NA
"sub-01","GABA","slaser","ll",3,NA,NA
"sub-02","GABA","slaser","ll",3,NA,NA
"sub-03","GABA","slaser","ll",3,NA,NA
"sub-04","GABA","slaser","ll",3,NA,NA
"sub-05","GABA","slaser","ll",3,NA,NA
"sub-01","GABA","slaser","ul",7,NA,NA
"sub-02","GABA","slaser","ul",7,0.689177475229027,5.06776701320073
"sub-03","GABA","slaser","ul",7,7.22092394801428,9.94860131473405
"sub-04","GABA","slaser","ul",7,7.3639434301381,6.89217152429184
"sub-05","GABA","slaser","ul",7,8.07610517915435,10.821318235811
"sub-01","GABA","slaser","ll",7,6.21865981001647,1.74940674276687
"sub-02","GABA","slaser","ll",7,NA,NA
"sub-03","GABA","slaser","ll",7,42.1122888499301,39.3186612566661
"sub-04","GABA","slaser","ll",7,NA,NA
"sub-05","GABA","slaser","ll",7,25.4698674406637,24.0753424215553
"sub-01","Glc","steam","ul",3,25.1356207741529,25.5443603342732
"sub-02","Glc","steam","ul",3,27.2714172185045,24.5278196082049
"sub-03","Glc","steam","ul",3,4.20643113979764,3.80323304022972
"sub-04","Glc","steam","ul",3,24.5778157680962,26.1304584304837
"sub-05","Glc","steam","ul",3,23.6066944019562,25.9887887003841
"sub-01","Glc","steam","ll",3,2.34419196997186,10.4596215032494
"sub-02","Glc","steam","ll",3,NA,NA
"sub-03","Glc","steam","ll",3,NA,NA
"sub-04","Glc","steam","ll",3,NA,NA
"sub-05","Glc","steam","ll",3,35.5750682766224,35.4599920041116
"sub-01","Glc","steam","ul",7,NA,NA
"sub-02","Glc","steam","ul",7,NA,NA
"sub-03","Glc","steam","ul",7,NA,NA
"sub-04","Glc","steam","ul",7,NA,NA
"sub-05","Glc","steam","ul",7,NA,NA
"sub-01","Glc","steam","ll",7,NA,NA
"sub-02","Glc","steam","ll",7,NA,NA
"sub-03","Glc","steam","ll",7,NA,NA
"sub-04","Glc","steam","ll",7,NA,NA
"sub-05","Glc","steam","ll",7,NA,NA
"sub-01","Glc","slaser","ul",3,NA,NA
"sub-02","Glc","slaser","ul",3,11.5501438921592,5.86941234635738
"sub-03","Glc","slaser","ul",3,14.9617221610515,9.77851195496312
"sub-04","Glc","slaser","ul",3,NA,NA
"sub-05","Glc","slaser","ul",3,NA,NA
"sub-01","Glc","slaser","ll",3,11.4167176725935,4.04808130223664
"sub-02","Glc","slaser","ll",3,15.5488462616148,6.78696599972198
"sub-03","Glc","slaser","ll",3,0.837712779741405,3.27967242509165
"sub-04","Glc","slaser","ll",3,49.5111186161628,73.8853162777209
"sub-05","Glc","slaser","ll",3,36.3006418113666,31.4527671730301
"sub-01","Glc","slaser","ul",7,NA,NA
"sub-02","Glc","slaser","ul",7,NA,NA
"sub-03","Glc","slaser","ul",7,NA,NA
"sub-04","Glc","slaser","ul",7,NA,NA
"sub-05","Glc","slaser","ul",7,NA,NA
"sub-01","Glc","slaser","ll",7,NA,NA
"sub-02","Glc","slaser","ll",7,NA,NA
"sub-03","Glc","slaser","ll",7,NA,NA
"sub-04","Glc","slaser","ll",7,NA,NA
"sub-05","Glc","slaser","ll",7,NA,NA
"sub-01","Gln","steam","ul",3,19.2434938031482,19.657803009605
"sub-02","Gln","steam","ul",3,3.00435416270982,5.84039727577606
"sub-03","Gln","steam","ul",3,27.8126154005954,27.4244837748054
"sub-04","Gln","steam","ul",3,24.5138873506975,22.9548664192673
"sub-05","Gln","steam","ul",3,8.58885967592805,11.0346932301159
"sub-01","Gln","steam","ll",3,3.60920544217768,4.52281667512352
"sub-02","Gln","steam","ll",3,36.9974322491568,38.853056522476
"sub-03","Gln","steam","ll",3,35.0078408640841,27.9155663315953
"sub-04","Gln","steam","ll",3,4.19712871953203,2.74331194555565
"sub-05","Gln","steam","ll",3,23.0849415657879,23.2044749981301
"sub-01","Gln","steam","ul",7,1.02739651499639,2.11996734544984
"sub-02","Gln","steam","ul",7,1.2252500962669,0.516186013332793
"sub-03","Gln","steam","ul",7,2.92238521900427,3.22267782510117
"sub-04","Gln","steam","ul",7,23.8438505838812,21.8589270300491
"sub-05","Gln","steam","ul",7,24.4972489751501,25.4160938953301
"sub-01","Gln","steam","ll",7,10.7694429251898,11.0721792095514
"sub-02","Gln","steam","ll",7,2.66125712098773,5.46277252103554
"sub-03","Gln","steam","ll",7,6.74419168425711,3.92556061259153
"sub-04","Gln","steam","ll",7,85.9127773493848,83.8491206089316
"sub-05","Gln","steam","ll",7,19.6180876556328,15.9655641801471
"sub-01","Gln","slaser","ul",3,0.497133178321153,6.13046790393117
"sub-02","Gln","slaser","ul",3,20.142619664842,13.1704041486959
"sub-03","Gln","slaser","ul",3,9.5048903650739,4.29414083966946
"sub-04","Gln","slaser","ul",3,20.6138841797425,5.32495082023944
"sub-05","Gln","slaser","ul",3,17.1515388682489,19.1950889101395
"sub-01","Gln","slaser","ll",3,NA,NA
"sub-02","Gln","slaser","ll",3,0.0885949723065108,13.1303117824477
"sub-03","Gln","slaser","ll",3,NA,NA
"sub-04","Gln","slaser","ll",3,6.2500250436784,5.69949865752086
"sub-05","Gln","slaser","ll",3,NA,NA
"sub-01","Gln","slaser","ul",7,7.62829789475025,7.91308570382772
"sub-02","Gln","slaser","ul",7,7.24764919940431,11.4780653040667
"sub-03","Gln","slaser","ul",7,4.01286295432688,6.77609688708804
"sub-04","Gln","slaser","ul",7,2.69631081330529,3.18542799467917
"sub-05","Gln","slaser","ul",7,6.97030955793702,4.20704696809916
"sub-01","Gln","slaser","ll",7,2.79220821049586,7.20757097279769
"sub-02","Gln","slaser","ll",7,28.3593083788143,27.2534627706787
"sub-03","Gln","slaser","ll",7,8.45222519582384,11.3752182740998
"sub-04","Gln","slaser","ll",7,12.6435373385847,16.0100480925224
"sub-05","Gln","slaser","ll",7,3.82335595867283,2.27450034317935
"sub-01","Glu","steam","ul",3,2.74905184814651,3.17116470017815
"sub-02","Glu","steam","ul",3,0.121060093822548,2.71751990188969
"sub-03","Glu","steam","ul",3,12.303592956288,11.9030268867618
"sub-04","Glu","steam","ul",3,2.34825475568679,0.744240147046212
"sub-05","Glu","steam","ul",3,11.6561303073612,14.093424046624
"sub-01","Glu","steam","ll",3,6.57734356729449,1.55219476438113
"sub-02","Glu","steam","ll",3,11.9343403405897,13.9170586060385
"sub-03","Glu","steam","ll",3,18.280603713514,10.8982524594981
"sub-04","Glu","steam","ll",3,7.66348230038294,6.21229068997566
"sub-05","Glu","steam","ll",3,0.503655468779907,0.626476830042724
"sub-01","Glu","steam","ul",7,1.05034947518491,4.19707924971937
"sub-02","Glu","steam","ul",7,1.71283414307002,2.42177343270501
"sub-03","Glu","steam","ul",7,8.89503585387962,9.19424131597401
"sub-04","Glu","steam","ul",7,6.39165264928296,4.35621922732541
"sub-05","Glu","steam","ul",7,8.51571434848748,9.46034377578539
"sub-01","Glu","steam","ll",7,5.73098137911943,5.42632023204949
"sub-02","Glu","steam","ll",7,2.08619620225578,0.720651562322556
"sub-03","Glu","steam","ll",7,2.45995574455942,0.362537270461198
"sub-04","Glu","steam","ll",7,33.8112199397825,30.7536661953514
"sub-05","Glu","steam","ll",7,0.807141656907422,4.51606033785869
"sub-01","Glu","slaser","ul",3,14.0517839734121,2.35819683635227
"sub-02","Glu","slaser","ul",3,7.50612774827594,7.7997894824168
"sub-03","Glu","slaser","ul",3,3.75296480219156,1.46988065989865
"sub-04","Glu","slaser","ul",3,7.18724605936744,2.52489934937698
"sub-05","Glu","slaser","ul",3,7.10066161798419,2.61624994929714
"sub-01","Glu","slaser","ll",3,8.69972450909515,4.76191329671268
"sub-02","Glu","slaser","ll",3,18.0607811443657,1.43054399554658
"sub-03","Glu","slaser","ll",3,1.32666996212361,5.51213546668413
"sub-04","Glu","slaser","ll",3,1.41409847994356,3.90552153832949
"sub-05","Glu","slaser","ll",3,1.71652346808622,0.865736097904348
"sub-01","Glu","slaser","ul",7,1.01951661106129,1.3056354852007
"sub-02","Glu","slaser","ul",7,1.81837385826873,6.06873874769992
"sub-03","Glu","slaser","ul",7,0.84085438179465,1.92527880140966
"sub-04","Glu","slaser","ul",7,4.33904636874383,4.82729567757712
"sub-05","Glu","slaser","ul",7,2.63918419115278,0.127827847404505
"sub-01","Glu","slaser","ll",7,2.69572866021186,7.11308311732215
"sub-02","Glu","slaser","ll",7,0.965585129139012,0.183112996083163
"sub-03","Glu","slaser","ll",7,3.73271611709542,0.792206287067171
"sub-04","Glu","slaser","ll",7,3.15540204396174,0.245093148529508
"sub-05","Glu","slaser","ll",7,2.09986489219984,0.554217002468754
"sub-01","GSH","steam","ul",3,0.101309951641953,0.32098786755307
"sub-02","GSH","steam","ul",3,4.64017302018263,1.80282695471544
"sub-03","GSH","steam","ul",3,14.6162039674552,14.2168758629883
"sub-04","GSH","steam","ul",3,0.057606050604329,1.54655621762394
"sub-05","GSH","steam","ul",3,4.82219844296558,2.36612170020049
"sub-01","GSH","steam","ll",3,11.241733353478,19.2790732654665
"sub-02","GSH","steam","ll",3,20.987760997527,22.938955458223
"sub-03","GSH","steam","ll",3,14.4353038958963,7.01643660430926
"sub-04","GSH","steam","ll",3,0.711126947236148,0.743565518001826
"sub-05","GSH","steam","ll",3,7.54726714725217,7.66973488205063
"sub-01","GSH","steam","ul",7,5.71784376713586,8.87267125300261
"sub-02","GSH","steam","ul",7,14.8757514816669,14.1741406549598
"sub-03","GSH","steam","ul",7,16.2340422823632,16.5304450722838
"sub-04","GSH","steam","ul",7,29.6451241704124,31.5965161702906
"sub-05","GSH","steam","ul",7,18.3733146798692,19.3080077131065
"sub-01","GSH","steam","ll",7,15.7455317724809,16.0699582539679
"sub-02","GSH","steam","ll",7,8.87475709050175,5.9549694442951
"sub-03","GSH","steam","ll",7,14.1076481403361,16.8963765647489
"sub-04","GSH","steam","ll",7,NA,NA
"sub-05","GSH","steam","ll",7,3.93856557352748,7.59900144672124
"sub-01","GSH","slaser","ul",3,2.64044688187524,3.9896346160777
"sub-02","GSH","slaser","ul",3,9.68059845471981,3.99155816796975
"sub-03","GSH","slaser","ul",3,22.6513733110735,6.56002911878587
"sub-04","GSH","slaser","ul",3,8.86798958938947,0.0107677995391929
"sub-05","GSH","slaser","ul",3,30.7370436448553,3.87524687020639
"sub-01","GSH","slaser","ll",3,31.6157790453977,24.5163103905919
"sub-02","GSH","slaser","ll",3,18.1200572114023,17.835804052044
"sub-03","GSH","slaser","ll",3,21.8792188641216,24.2567060549791
"sub-04","GSH","slaser","ll",3,0.466659087565275,19.8742434523062
"sub-05","GSH","slaser","ll",3,5.9865605467658,0.84647841852072
"sub-01","GSH","slaser","ul",7,6.06674816803,6.37036505956137
"sub-02","GSH","slaser","ul",7,6.11171002046727,10.5225085404564
"sub-03","GSH","slaser","ul",7,0.773088703850685,1.95546536234064
"sub-04","GSH","slaser","ul",7,1.99555938819308,1.52859845514775
"sub-05","GSH","slaser","ul",7,4.29793470646587,7.04753738615146
"sub-01","GSH","slaser","ll",7,5.40589732763268,0.916145115937624
"sub-02","GSH","slaser","ll",7,7.83204561049429,8.9159453471633
"sub-03","GSH","slaser","ll",7,17.9498032079459,14.9075258959516
"sub-04","GSH","slaser","ll",7,1.01059962487393,4.38837606150416
"sub-05","GSH","slaser","ll",7,0.0755135932232194,1.32155412623887
"sub-01","Ins","steam","ul",3,0.550425022397877,0.972710598311534
"sub-02","Ins","steam","ul",3,4.21791183226428,7.05222347928983
"sub-03","Ins","steam","ul",3,1.14668412898563,0.743180552270723
"sub-04","Ins","steam","ul",3,2.50609908057013,0.902125634074776
"sub-05","Ins","steam","ul",3,4.64679972023557,2.19057171825884
"sub-01","Ins","steam","ll",3,1.02748522694303,9.14905620721535
"sub-02","Ins","steam","ll",3,5.53656201030769,7.53171520714285
"sub-03","Ins","steam","ll",3,0.513353964560996,7.96845803243654
"sub-04","Ins","steam","ll",3,3.34454657428983,4.79803370963769
"sub-05","Ins","steam","ll",3,2.00907102408887,1.88627093087687
"sub-01","Ins","steam","ul",7,0.86829977686417,2.28574300711917
"sub-02","Ins","steam","ul",7,3.04915812353946,2.34032478941448
"sub-03","Ins","steam","ul",7,1.68569603397356,1.38529718319801
"sub-04","Ins","steam","ul",7,1.86865796066413,0.17334090667588
"sub-05","Ins","steam","ul",7,1.04590021529573,0.0961811159521149
"sub-01","Ins","steam","ll",7,2.03839176129498,2.35272782913549
"sub-02","Ins","steam","ll",7,2.19002834822411,0.665462168198968
"sub-03","Ins","steam","ll",7,6.03007972918422,3.2104444026558
"sub-04","Ins","steam","ll",7,10.3513706306905,7.14058470689392
"sub-05","Ins","steam","ll",7,0.624066001016743,4.31642203948336
"sub-01","Ins","slaser","ul",3,0.0138912298057286,6.64045190824822
"sub-02","Ins","slaser","ul",3,8.00763078488146,2.31285632913965
"sub-03","Ins","slaser","ul",3,4.26423331485774,0.958238744656928
"sub-04","Ins","slaser","ul",3,4.77462697558849,1.88409709183125
"sub-05","Ins","slaser","ul",3,6.39781376245222,2.52380497544011
"sub-01","Ins","slaser","ll",3,2.50531827533662,4.88490427649887
"sub-02","Ins","slaser","ll",3,0.828883219512311,4.77896513120018
"sub-03","Ins","slaser","ll",3,0.823030506389278,3.26499750642923
"sub-04","Ins","slaser","ll",3,2.36839084860301,4.44900228913238
"sub-05","Ins","slaser","ll",3,2.59679618371576,3.55009352957106
"sub-01","Ins","slaser","ul",7,2.51782246044802,2.22420156238788
"sub-02","Ins","slaser","ul",7,2.74406196127982,7.064419403961
"sub-03","Ins","slaser","ul",7,1.38571842645242,4.13435746514416
"sub-04","Ins","slaser","ul",7,1.53082440918597,2.01063582993266
"sub-05","Ins","slaser","ul",7,4.61050083587351,1.85022099385696
"sub-01","Ins","slaser","ll",7,1.16938376609895,5.61757111716506
"sub-02","Ins","slaser","ll",7,0.891499555083915,2.01494909150484
"sub-03","Ins","slaser","ll",7,2.48366450779918,0.516965689614441
"sub-04","Ins","slaser","ll",7,1.10327172197073,4.49388098517202
"sub-05","Ins","slaser","ll",7,0.821554787590522,0.664409165668464
"sub-01","NAA","steam","ul",3,1.96688785031503,2.38908542395848
"sub-02","NAA","steam","ul",3,4.44628445392192,1.60876636101836
"sub-03","NAA","steam","ul",3,0.780638616731288,1.18414081760027
"sub-04","NAA","steam","ul",3,1.48188883624618,0.122280529108656
"sub-05","NAA","steam","ul",3,0.423579488104228,2.88090829597601
"sub-01","NAA","steam","ll",3,1.93797585637504,10.055449407568
"sub-02","NAA","steam","ll",3,3.75768480563251,5.75484480309609
"sub-03","NAA","steam","ll",3,4.17691818036505,3.28482648721433
"sub-04","NAA","steam","ll",3,2.49535394237079,1.04088854446163
"sub-05","NAA","steam","ll",3,1.37449199985299,1.49730273623994
"sub-01","NAA","steam","ul",7,1.94315315881456,1.19934436916341
"sub-02","NAA","steam","ul",7,3.7923742021814,3.08370252964945
"sub-03","NAA","steam","ul",7,2.06779832494888,2.36815872000086
"sub-04","NAA","steam","ul",7,1.68780617820678,3.72232919689637
"sub-05","NAA","steam","ul",7,2.48725839684264,3.4342356016333
"sub-01","NAA","steam","ll",7,6.89793923856891,6.60109285297929
"sub-02","NAA","steam","ll",7,3.49322465920512,6.25645314187281
"sub-03","NAA","steam","ll",7,0.317282575203529,3.13950918541791
"sub-04","NAA","steam","ll",7,28.7973884837436,31.8766254753887
"sub-05","NAA","steam","ll",7,3.16958350679494,6.88857076522923
"sub-01","NAA","slaser","ul",3,1.00912635226881,3.07961238325681
"sub-02","NAA","slaser","ul",3,0.257530589147133,10.0321234886239
"sub-03","NAA","slaser","ul",3,0.652163482916842,4.57001992263065
"sub-04","NAA","slaser","ul",3,2.76663505192211,3.33520041075875
"sub-05","NAA","slaser","ul",3,1.34710825415791,0.0694755890853247
"sub-01","NAA","slaser","ll",3,1.34901662628591,6.03969532226778
"sub-02","NAA","slaser","ll",3,2.46272556457354,6.35252192314916
"sub-03","NAA","slaser","ll",3,2.74231613278467,5.18287571907769
"sub-04","NAA","slaser","ll",3,3.03417152830264,2.4975046895593
"sub-05","NAA","slaser","ll",3,1.59204876701163,1.52329264354725
"sub-01","NAA","slaser","ul",7,0.463941685517321,0.743617774789237
"sub-02","NAA","slaser","ul",7,3.21829399605207,2.76511609915016
"sub-03","NAA","slaser","ul",7,1.55600343378638,1.22473188746469
"sub-04","NAA","slaser","ul",7,1.7888497213995,2.28495405152354
"sub-05","NAA","slaser","ul",7,1.07473369472405,3.84581724916421
"sub-01","NAA","slaser","ll",7,2.37188766464547,2.02737022273535
"sub-02","NAA","slaser","ll",7,0.1151363019695,1.28503194530698
"sub-03","NAA","slaser","ll",7,5.95020712488842,3.06255121769014
"sub-04","NAA","slaser","ll",7,3.99242252463642,0.58498448159394
"sub-05","NAA","slaser","ll",7,1.81072100033915,0.215363685021774
"sub-01","NAAG","steam","ul",3,9.71719381017599,10.1374106836781
"sub-02","NAAG","steam","ul",3,24.6173636604706,27.3603040134583
"sub-03","NAAG","steam","ul",3,10.2181157249374,10.6194471230782
"sub-04","NAAG","steam","ul",3,22.0230263058275,20.4550038987511
"sub-05","NAAG","steam","ul",3,9.38444726878292,6.93496526950116
"sub-01","NAAG","steam","ll",3,26.1733759892077,18.2419601481896
"sub-02","NAAG","steam","ll",3,38.6870738975339,40.5296515784925
"sub-03","NAAG","steam","ll",3,28.6733544423152,21.445989840074
"sub-04","NAAG","steam","ll",3,9.48247445027595,8.03336061260961
"sub-05","NAAG","steam","ll",3,4.81984743284864,4.69716305215364
"sub-01","NAAG","steam","ul",7,0.208450292758595,2.95478822180748
"sub-02","NAAG","steam","ul",7,4.11308215873825,3.40449233666902
"sub-03","NAAG","steam","ul",7,1.40823413677855,1.7086317347933
"sub-04","NAAG","steam","ul",7,0.182249759841763,1.86522798743902
"sub-05","NAAG","steam","ul",7,17.7398503718521,18.6757166953681
"sub-01","NAAG","steam","ll",7,0.451469428459325,0.122401076207557
"sub-02","NAAG","steam","ll",7,4.6597686229954,1.73104174944359
"sub-03","NAAG","steam","ll",7,10.1276949320425,7.31578339389762
"sub-04","NAAG","steam","ll",7,72.0358819922013,69.6241942498085
"sub-05","NAAG","steam","ll",7,4.92811751638405,1.264320978087
"sub-01","NAAG","slaser","ul",3,28.7970066619331,35.0888049129081
"sub-02","NAAG","slaser","ul",3,45.709255424739,40.5372923023072
"sub-03","NAAG","slaser","ul",3,19.3183451991105,14.1683976382547
"sub-04","NAAG","slaser","ul",3,3.97389558514538,14.480149731865
"sub-05","NAAG","slaser","ul",3,24.3809458567772,20.601176663678
"sub-01","NAAG","slaser","ll",3,8.06212836775781,0.67844481453441
"sub-02","NAAG","slaser","ll",3,28.6622468930051,37.0034956225502
"sub-03","NAAG","slaser","ll",3,20.9752987702514,18.5805957301482
"sub-04","NAAG","slaser","ll",3,2.32642796707128,18.7439470997543
"sub-05","NAAG","slaser","ll",3,17.70791496602,12.6239962451701
"sub-01","NAAG","slaser","ul",7,2.51565761076313,2.21121999970103
"sub-02","NAAG","slaser","ul",7,16.3862701517159,12.0017140011019
"sub-03","NAAG","slaser","ul",7,0.0404147671495355,2.76817679358297
"sub-04","NAAG","slaser","ul",7,14.8945472059604,14.4329414077801
"sub-05","NAAG","slaser","ul",7,4.71367144272544,1.96140520306639
"sub-01","NAAG","slaser","ll",7,3.6192903561634,8.10490801547037
"sub-02","NAAG","slaser","ll",7,11.5573271985684,10.4773326107492
"sub-03","NAAG","slaser","ll",7,3.00071796263039,0.0853883913056668
"sub-04","NAAG","slaser","ll",7,13.560496334673,16.8998995531945
"sub-05","NAAG","slaser","ll",7,1.62908199991867,0.234983780794759
"sub-01","sIns","steam","ul",3,6.6753870382868,6.25397017350278
"sub-02","sIns","steam","ul",3,35.7899620352394,33.1196616831472
"sub-03","sIns","steam","ul",3,20.3256201159239,19.9302712630545
"sub-04","sIns","steam","ul",3,3.00605951752696,4.60909940624936
"sub-05","sIns","steam","ul",3,23.0166312091944,20.6174619149881
"sub-01","sIns","steam","ll",3,19.1697075675447,27.0841636742474
"sub-02","sIns","steam","ll",3,45.9955871472427,44.1994942081268
"sub-03","sIns","steam","ll",3,3.38030133265549,10.8232909439273
"sub-04","sIns","steam","ll",3,2.99884378148598,4.45252647909156
"sub-05","sIns","steam","ll",3,6.17871073564946,6.30129588218007
"sub-01","sIns","steam","ul",7,NA,NA
"sub-02","sIns","steam","ul",7,12.0287839975465,11.3245289578583
"sub-03","sIns","steam","ul",7,2.15812756771902,1.85775333549243
"sub-04","sIns","steam","ul",7,5.06519474108698,7.10348667543296
"sub-05","sIns","steam","ul",7,17.492879879202,16.556911300192
"sub-01","sIns","steam","ll",7,4.69632308568409,5.01036643035829
"sub-02","sIns","steam","ll",7,12.8048680055105,9.9678080394956
"sub-03","sIns","steam","ll",7,14.3330384369434,17.1207757162724
"sub-04","sIns","steam","ll",7,NA,NA
"sub-05","sIns","steam","ll",7,38.687877811652,35.2468087389746
"sub-01","sIns","slaser","ul",3,NA,NA
"sub-02","sIns","slaser","ul",3,22.0543227613974,27.5810137466436
"sub-03","sIns","slaser","ul",3,38.3792327038627,33.4934186441279
"sub-04","sIns","slaser","ul",3,20.6530165123704,33.3503557756525
"sub-05","sIns","slaser","ul",3,12.3262745270807,16.1647886366701
"sub-01","sIns","slaser","ll",3,4.08495605161223,11.4533805878506
"sub-02","sIns","slaser","ll",3,19.4359954325738,28.0046343235592
"sub-03","sIns","slaser","ll",3,6.53946633097538,8.9745949764814
"sub-04","sIns","slaser","ll",3,13.7244466145447,3.26306183413178
"sub-05","sIns","slaser","ll",3,3.79592579727433,1.34677412066963
"sub-01","sIns","slaser","ul",7,47.7909372112933,48.0509155786605
"sub-02","sIns","slaser","ul",7,8.15869028388529,12.461255331058
"sub-03","sIns","slaser","ul",7,2.2106957792363,0.538894937608629
"sub-04","sIns","slaser","ul",7,23.0782890361854,22.6109244209033
"sub-05","sIns","slaser","ul",7,2.7809323516976,5.54026291488025
"sub-01","sIns","slaser","ll",7,4.32291526400466,8.76413522235788
"sub-02","sIns","slaser","ll",7,21.7519729911626,22.8476041447105
"sub-03","sIns","slaser","ll",7,20.630612599491,17.6849118242818
"sub-04","sIns","slaser","ll",7,1.37959230922963,4.7699273190383
"sub-05","sIns","slaser","ll",7,18.9494280178914,17.4881264227029
"sub-01","Tau","steam","ul",3,1.30833222854741,0.886060917300761
"sub-02","Tau","steam","ul",3,9.03077897376706,6.20019263239908
"sub-03","Tau","steam","ul",3,12.0821799090816,12.48265779976
"sub-04","Tau","steam","ul",3,4.64717726760404,6.24900330710671
"sub-05","Tau","steam","ul",3,12.2825376325517,9.83990925761692
"sub-01","Tau","steam","ll",3,6.29165076442579,1.83843892654075
"sub-02","Tau","steam","ll",3,1.61656795782587,0.382815591076951
"sub-03","Tau","steam","ll",3,25.4515110901481,18.1672733829114
"sub-04","Tau","steam","ll",3,5.7303945058158,4.27752324066395
"sub-05","Tau","steam","ll",3,2.95472714308279,2.83195508439791
"sub-01","Tau","steam","ul",7,6.93883881402276,3.81616761736381
"sub-02","Tau","steam","ul",7,2.32318404944919,1.61423073575263
"sub-03","Tau","steam","ul",7,2.44122481384002,2.74155842962563
"sub-04","Tau","steam","ul",7,7.69112914432483,5.66941181340307
"sub-05","Tau","steam","ul",7,6.09557193263183,5.15276092297514
"sub-01","Tau","steam","ll",7,2.07410304196368,1.79809184389734
"sub-02","Tau","steam","ll",7,3.05927485391122,0.408627167448156
"sub-03","Tau","steam","ll",7,0.182626508005101,3.00491627612824
"sub-04","Tau","steam","ll",7,NA,NA
"sub-05","Tau","steam","ll",7,10.2053707019995,6.4576751828736
"sub-01","Tau","slaser","ul",3,NA,NA
"sub-02","Tau","slaser","ul",3,NA,NA
"sub-03","Tau","slaser","ul",3,36.0378285428429,31.1091104447041
"sub-04","Tau","slaser","ul",3,11.3981847584409,8.08253748331724
"sub-05","Tau","slaser","ul",3,39.3002136164806,42.8508878933401
"sub-01","Tau","slaser","ll",3,23.8266720247878,16.5869141401956
"sub-02","Tau","slaser","ll",3,37.7677479573563,45.8140532924853
"sub-03","Tau","slaser","ll",3,7.92887617342892,5.49189831039919
"sub-04","Tau","slaser","ll",3,22.1402696509904,13.4202588084766
"sub-05","Tau","slaser","ll",3,3.69173209613655,8.82474223723535
"sub-01","Tau","slaser","ul",7,3.29174778764368,3.03126845795468
"sub-02","Tau","slaser","ul",7,11.0673821620134,15.0455879341802
"sub-03","Tau","slaser","ul",7,15.8672297545895,13.071239697092
"sub-04","Tau","slaser","ul",7,11.5960414912139,12.1101492696782
"sub-05","Tau","slaser","ul",7,7.2351528810702,4.45416424264349
"sub-01","Tau","slaser","ll",7,5.54560366598012,1.21607507001651
"sub-02","Tau","slaser","ll",7,4.85625298012861,6.08617460476327
"sub-03","Tau","slaser","ll",7,16.8898061161016,14.1815494791383
"sub-04","Tau","slaser","ll",7,17.2905341554319,13.9023120609357
"sub-05","Tau","slaser","ll",7,4.16298777864576,2.42657723745692
"sub-01","Cr_PCr","steam","ul",3,0,0.429802143574795
"sub-02","Cr_PCr","steam","ul",3,0,2.83853332677498
"sub-03","Cr_PCr","steam","ul",3,0,0.396001225204655
"sub-04","Cr_PCr","steam","ul",3,0,1.6041548996205
"sub-05","Cr_PCr","steam","ul",3,0,2.46466598774303
"sub-01","Cr_PCr","steam","ll",3,0,8.13314770540547
"sub-02","Cr_PCr","steam","ll",3,0,2.00746984338459
"sub-03","Cr_PCr","steam","ll",3,0,7.45662919815029
"sub-04","Cr_PCr","steam","ll",3,0,1.45465430176176
"sub-05","Cr_PCr","steam","ll",3,0,0.130411547969859
"sub-01","Cr_PCr","steam","ul",7,0,3.15372986362994
"sub-02","Cr_PCr","steam","ul",7,0,0.71571663256035
"sub-03","Cr_PCr","steam","ul",7,0,0.300433988372371
"sub-04","Cr_PCr","steam","ul",7,0,2.04196574289206
"sub-05","Cr_PCr","steam","ul",7,0,0.949723871131725
"sub-01","Cr_PCr","steam","ll",7,0,0.314411460677099
"sub-02","Cr_PCr","steam","ll",7,0,2.85528242985796
"sub-03","Cr_PCr","steam","ll",7,0,2.82236719781536
"sub-04","Cr_PCr","steam","ll",7,0,3.22269616128421
"sub-05","Cr_PCr","steam","ll",7,0,3.69285341809145
"sub-01","Cr_PCr","slaser","ul",3,0,0.941345687654378
"sub-02","Cr_PCr","slaser","ul",3,0,5.70613266479593
"sub-03","Cr_PCr","slaser","ul",3,0,3.48408962099071
"sub-04","Cr_PCr","slaser","ul",3,0,1.50021572084681
"sub-05","Cr_PCr","slaser","ul",3,0,3.87147563151651
"sub-01","Cr_PCr","slaser","ll",3,0,1.71449773306361
"sub-02","Cr_PCr","slaser","ll",3,0,3.42025895357597
"sub-03","Cr_PCr","slaser","ll",3,0,2.44229518770498
"sub-04","Cr_PCr","slaser","ll",3,0,1.7836248714302
"sub-05","Cr_PCr","slaser","ll",3,0,0.192520334659812
"sub-01","Cr_PCr","slaser","ul",7,0,0.29370314710647
"sub-02","Cr_PCr","slaser","ul",7,0,4.32454900544534
"sub-03","Cr_PCr","slaser","ul",7,0,2.75544915036585
"sub-04","Cr_PCr","slaser","ul",7,0,0.485701895659582
"sub-05","Cr_PCr","slaser","ul",7,0,2.7561472755784
"sub-01","Cr_PCr","slaser","ll",7,0,4.44964876595861
"sub-02","Cr_PCr","slaser","ll",7,0,1.12934249674901
"sub-03","Cr_PCr","slaser","ll",7,0,3.00043755706935
"sub-04","Cr_PCr","slaser","ll",7,0,3.38570893232594
"sub-05","Cr_PCr","slaser","ll",7,0,1.49155728191648
"sub-01","NAA_NAAG","steam","ul",3,3.23504842510503,3.65709553417265
"sub-02","NAA_NAAG","steam","ul",3,0.383329297999641,2.45533756577466
"sub-03","NAA_NAAG","steam","ul",3,1.85268336585741,2.25611976539236
"sub-04","NAA_NAAG","steam","ul",3,3.58311859814714,1.97953223280117
"sub-05","NAA_NAAG","steam","ul",3,0.965192570556816,1.49246318278514
"sub-01","NAA_NAAG","steam","ll",3,2.41594237635786,5.71505768175674
"sub-02","NAA_NAAG","steam","ll",3,10.921235191178,12.9064662665041
"sub-03","NAA_NAAG","steam","ll",3,10.1051283810367,2.65851517798666
"sub-04","NAA_NAAG","steam","ll",3,3.75220550886488,2.29817840254882
"sub-05","NAA_NAAG","steam","ll",3,0.298068985511801,0.420891585710624
"sub-01","NAA_NAAG","steam","ul",7,1.59851239060948,1.55560949830106
"sub-02","NAA_NAAG","steam","ul",7,3.84008778671871,3.13142774489096
"sub-03","NAA_NAAG","steam","ul",7,1.98980220407822,2.29016773925638
"sub-04","NAA_NAAG","steam","ul",7,1.48445225116835,3.52588364193644
"sub-05","NAA_NAAG","steam","ul",7,4.83941592447384,5.78780973911256
"sub-01","NAA_NAAG","steam","ll",7,5.69423040600886,5.38030056856911
"sub-02","NAA_NAAG","steam","ll",7,1.86395392407458,4.71798090503519
"sub-03","NAA_NAAG","steam","ll",7,1.52268226053715,1.29996432737936
"sub-04","NAA_NAAG","steam","ll",7,10.2352937215336,7.024182266699
"sub-05","NAA_NAAG","steam","ll",7,1.56221107522278,5.25354911741661
"sub-01","NAA_NAAG","slaser","ul",3,0.0743262806383647,0.0185112692900635
"sub-02","NAA_NAAG","slaser","ul",3,0.603767219000687,2.22438226153087
"sub-03","NAA_NAAG","slaser","ul",3,3.50734166689719,1.70583198498306
"sub-04","NAA_NAAG","slaser","ul",3,0.353271898620584,2.92544268117122
"sub-05","NAA_NAAG","slaser","ul",3,1.6733736549335,0.27161795038753
"sub-01","NAA_NAAG","slaser","ll",3,2.25425614265214,1.26890908755575
"sub-02","NAA_NAAG","slaser","ll",3,2.34379535274049,0.190573274778803
"sub-03","NAA_NAAG","slaser","ll",3,0.660353344711651,2.41337017102147
"sub-04","NAA_NAAG","slaser","ll",3,2.9257985136831,1.70674964434427
"sub-05","NAA_NAAG","slaser","ll",3,0.82962722375578,0.758939752838191
"sub-01","NAA_NAAG","slaser","ul",7,0.0682028176612427,0.225500596550134
"sub-02","NAA_NAAG","slaser","ul",7,0.226465230242094,0.676103114334218
"sub-03","NAA_NAAG","slaser","ul",7,1.2512424880919,1.49844183006143
"sub-04","NAA_NAAG","slaser","ul",7,0.476281466788924,0.00360388347643568
"sub-05","NAA_NAAG","slaser","ul",7,0.0236796483261873,2.7851281997018
"sub-01","NAA_NAAG","slaser","ll",7,1.34328227266034,3.10729515925371
"sub-02","NAA_NAAG","slaser","ll",7,1.65379252016732,0.530291345277261
"sub-03","NAA_NAAG","slaser","ll",7,5.41565263718685,2.41717893972029
"sub-04","NAA_NAAG","slaser","ll",7,0.838232528869089,2.5535804883313
"sub-05","NAA_NAAG","slaser","ll",7,1.779998538718,0.294114058280282
"sub-01","Glu_Gln","steam","ul",3,5.88761233556433,6.30912494325736
"sub-02","Glu_Gln","steam","ul",3,0.486860865476222,3.32516438144718
"sub-03","Glu_Gln","steam","ul",3,14.535680502196,14.1363054689289
"sub-04","Glu_Gln","steam","ul",3,6.55449622594157,4.95294542094051
"sub-05","Glu_Gln","steam","ul",3,11.2645201295328,13.7030323809401
"sub-01","Glu_Gln","steam","ll",3,6.01962217697814,2.1109319034006
"sub-02","Glu_Gln","steam","ll",3,17.1461615294257,19.1127234471188
"sub-03","Glu_Gln","steam","ll",3,22.3147290099104,14.9827507778216
"sub-04","Glu_Gln","steam","ll",3,6.98921063568376,5.53737122182842
"sub-05","Glu_Gln","steam","ll",3,4.55737356293818,4.68006595920171
"sub-01","Glu_Gln","steam","ul",7,0.641686572363575,3.79503241616566
"sub-02","Glu_Gln","steam","ul",7,1.15914379635942,1.8681533163414
"sub-03","Glu_Gln","steam","ul",7,7.68037384133778,7.97988718755386
"sub-04","Glu_Gln","steam","ul",7,8.76860307483052,6.73266482346752
"sub-05","Glu_Gln","steam","ul",7,10.9320457445319,11.8756046847916
"sub-01","Glu_Gln","steam","ll",7,2.78244008203358,2.46813651951903
"sub-02","Glu_Gln","steam","ll",7,1.14929564685689,1.70626674881594
"sub-03","Glu_Gln","steam","ll",7,3.23934847935327,0.417171977240261
"sub-04","Glu_Gln","steam","ll",7,49.0164321468086,1.71310142843052
"sub-05","Glu_Gln","steam","ll",7,3.73801319256243,0.0451909265533249
"sub-01","Glu_Gln","slaser","ul",3,5.56741480268483,0.198668894376501
"sub-02","Glu_Gln","slaser","ul",3,1.46707915676586,4.3518045721235
"sub-03","Glu_Gln","slaser","ul",3,0.040242762337205,0.248511067838181
"sub-04","Glu_Gln","slaser","ul",3,0.193056900729872,2.84635304377794
"sub-05","Glu_Gln","slaser","ul",3,4.05203880340339,0.453220770212807
"sub-01","Glu_Gln","slaser","ll",3,7.26512836757063,1.13183332990704
"sub-02","Glu_Gln","slaser","ll",3,4.70631776752658,2.06017858773221
"sub-03","Glu_Gln","slaser","ll",3,1.1789318549891,2.31904869671697
"sub-04","Glu_Gln","slaser","ll",3,2.98418651877838,2.60227566274961
"sub-05","Glu_Gln","slaser","ll",3,2.05161041631824,1.6621167012945
"sub-01","Glu_Gln","slaser","ul",7,2.50409235925543,2.79769264483206
"sub-02","Glu_Gln","slaser","ul",7,3.07431604981375,7.39394996701508
"sub-03","Glu_Gln","slaser","ul",7,0.251450824397224,3.0007736731685
"sub-04","Glu_Gln","slaser","ul",7,4.07043597244642,4.54987683704134
"sub-05","Glu_Gln","slaser","ul",7,3.52631577575389,0.765230711238114
"sub-01","Glu_Gln","slaser","ll",7,2.71849846343919,7.16381449207551
"sub-02","Glu_Gln","slaser","ll",7,6.17143300209839,5.04963321116233
"sub-03","Glu_Gln","slaser","ll",7,1.00922150151281,1.99151751726087
"sub-04","Glu_Gln","slaser","ll",7,0.0535245264617995,3.44494328711221
"sub-05","Glu_Gln","slaser","ll",7,2.54133997246699,1.05561591877722
"sub-01","PCho_GPC","steam","ul",3,1.05730014783354,1.47956350659162
"sub-02","PCho_GPC","steam","ul",3,0.950596160020072,3.78861825019779
"sub-03","PCho_GPC","steam","ul",3,4.45417644995991,4.0510198795206
"sub-04","PCho_GPC","steam","ul",3,0.946613542219924,0.657591539827727
"sub-05","PCho_GPC","steam","ul",3,7.49079534348891,5.03795333201733
"sub-01","PCho_GPC","steam","ll",3,0.885701388425857,9.00785046651939
"sub-02","PCho_GPC","steam","ll",3,3.16663525914543,5.16432218789243
"sub-03","PCho_GPC","steam","ll",3,1.39088625865841,8.84292998879976
"sub-04","PCho_GPC","steam","ll",3,3.52811658816384,2.07399486848777
"sub-05","PCho_GPC","steam","ll",3,2.44532474571428,2.32253648157113
"sub-01","PCho_GPC","steam","ul",7,2.6685276009751,0.485406620639103
"sub-02","PCho_GPC","steam","ul",7,2.65932736710994,3.3680961144037
"sub-03","PCho_GPC","steam","ul",7,7.58422506282509,7.88376098610363
"sub-04","PCho_GPC","steam","ul",7,20.9338682144735,22.9268321935647
"sub-05","PCho_GPC","steam","ul",7,4.40739222033609,5.35599550014466
"sub-01","PCho_GPC","steam","ll",7,0.767313850747241,0.452907758440787
"sub-02","PCho_GPC","steam","ll",7,5.7285610673534,2.87563044088849
"sub-03","PCho_GPC","steam","ll",7,6.27388868586775,3.45458014604307
"sub-04","PCho_GPC","steam","ll",7,2.29084918951696,0.932191031001613
"sub-05","PCho_GPC","steam","ll",7,8.26654449974737,4.58068303169556
"sub-01","PCho_GPC","slaser","ul",3,1.46414245576918,5.16495440868967
"sub-02","PCho_GPC","slaser","ul",3,7.90531626722159,2.21024318814428
"sub-03","PCho_GPC","slaser","ul",3,8.87558346710984,3.662665038547
"sub-04","PCho_GPC","slaser","ul",3,10.4149228211366,3.83219999074285
"sub-05","PCho_GPC","slaser","ul",3,0.703831569115765,4.58034556599253
"sub-01","PCho_GPC","slaser","ll",3,5.89088426649781,1.49807762624054
"sub-02","PCho_GPC","slaser","ll",3,0.922944032109603,9.72734752077557
"sub-03","PCho_GPC","slaser","ll",3,0.97253870478625,1.46993105179744
"sub-04","PCho_GPC","slaser","ll",3,0.985151040615121,0.655935177897373
"sub-05","PCho_GPC","slaser","ll",3,3.40471853581424,1.73818809153171
"sub-01","PCho_GPC","slaser","ul",7,4.63751844679188,4.36843016964451
"sub-02","PCho_GPC","slaser","ul",7,3.70477542129071,0.854619933270075
"sub-03","PCho_GPC","slaser","ul",7,5.68903059515305,2.94190486294824
"sub-04","PCho_GPC","slaser","ul",7,8.3668463483796,7.8885447177556
"sub-05","PCho_GPC","slaser","ul",7,3.22079125962289,0.459537869395989
"sub-01","PCho_GPC","slaser","ll",7,1.11515879256229,3.41508199847372
"sub-02","PCho_GPC","slaser","ll",7,5.36802992628218,4.48221083534516
"sub-03","PCho_GPC","slaser","ll",7,8.80845194820601,5.81569954425905
"sub-04","PCho_GPC","slaser","ll",7,2.20897086289573,1.18292243643137
"sub-05","PCho_GPC","slaser","ll",7,3.65184294854637,2.16650733172595
"sub-01","Asc","steam","ul",3,NA,NA
"sub-02","Asc","steam","ul",3,NA,NA
"sub-03","Asc","steam","ul",3,NA,NA
"sub-04","Asc","steam","ul",3,9.70467544133513,11.3000350876057
"sub-05","Asc","steam","ul",3,NA,NA
"sub-01","Asc","steam","ll",3,2.61841884154174,5.51283622088332
"sub-02","Asc","steam","ll",3,NA,NA
"sub-03","Asc","steam","ll",3,NA,NA
"sub-04","Asc","steam","ll",3,16.6268942549704,18.0597046556315
"sub-05","Asc","steam","ll",3,19.3470870561705,19.2265480475835
"sub-01","Asc","steam","ul",7,10.2717052064688,7.12952344716067
"sub-02","Asc","steam","ul",7,4.08424780531466,3.37565000969439
"sub-03","Asc","steam","ul",7,35.5059697779412,35.2243228526521
"sub-04","Asc","steam","ul",7,31.6885388158254,33.6217266057986
"sub-05","Asc","steam","ul",7,7.7715073009698,6.8243021199321
"sub-01","Asc","steam","ll",7,4.79537842628704,4.48130485373472
"sub-02","Asc","steam","ll",7,6.49374397230987,3.641837830455
"sub-03","Asc","steam","ll",7,4.31112938508631,7.1291594326943
"sub-04","Asc","steam","ll",7,NA,NA
"sub-05","Asc","steam","ll",7,1.25001454542387,2.44340267621027
"sub-01","Asc","slaser","ul",3,NA,NA
"sub-02","Asc","slaser","ul",3,19.5885505219463,25.1482064098791
"sub-03","Asc","slaser","ul",3,NA,NA
"sub-04","Asc","slaser","ul",3,6.53116574473139,26.8503605548851
"sub-05","Asc","slaser","ul",3,NA,NA
"sub-01","Asc","slaser","ll",3,7.86937561222019,15.2108752342448
"sub-02","Asc","slaser","ll",3,11.6920213811385,2.89858977825177
"sub-03","Asc","slaser","ll",3,13.0176774740299,10.5922200974258
"sub-04","Asc","slaser","ll",3,4.0143021881696,22.8750553959807
"sub-05","Asc","slaser","ll",3,1.29111359111375,6.43036438269295
"sub-01","Asc","slaser","ul",7,25.8603267023074,25.5763363352139
"sub-02","Asc","slaser","ul",7,5.16648069313712,0.842873281710475
"sub-03","Asc","slaser","ul",7,0.141762638439103,2.60771491118096
"sub-04","Asc","slaser","ul",7,11.1746271378726,10.6976102772122
"sub-05","Asc","slaser","ul",7,8.90388599754673,6.14998916347496
"sub-01","Asc","slaser","ll",7,14.4797834536558,18.868646923476
"sub-02","Asc","slaser","ll",7,14.3559606971937,15.4670372759692
"sub-03","Asc","slaser","ll",7,5.47445823293818,8.46794130017348
"sub-04","Asc","slaser","ll",7,5.99341142485676,9.3753331519718
"sub-05","Asc","slaser","ll",7,8.3553896291245,6.87373333948165
"sub-01","PE","steam","ul",3,NA,NA
"sub-02","PE","steam","ul",3,36.8015469196666,34.1413382191215
"sub-03","PE","steam","ul",3,NA,NA
"sub-04","PE","steam","ul",3,5.68603019776408,7.28686203756929
"sub-05","PE","steam","ul",3,NA,NA
"sub-01","PE","steam","ll",3,NA,NA
"sub-02","PE","steam","ll",3,NA,NA
"sub-03","PE","steam","ll",3,NA,NA
"sub-04","PE","steam","ll",3,NA,NA
"sub-05","PE","steam","ll",3,NA,NA
"sub-01","PE","steam","ul",7,NA,NA
"sub-02","PE","steam","ul",7,NA,NA
"sub-03","PE","steam","ul",7,NA,NA
"sub-04","PE","steam","ul",7,44.8071270948847,42.9588626383362
"sub-05","PE","steam","ul",7,1.70360136449358,0.752855049385795
"sub-01","PE","steam","ll",7,NA,NA
"sub-02","PE","steam","ll",7,NA,NA
"sub-03","PE","steam","ll",7,NA,NA
"sub-04","PE","steam","ll",7,NA,NA
"sub-05","PE","steam","ll",7,NA,NA
"sub-01","PE","slaser","ul",3,NA,NA
"sub-02","PE","slaser","ul",3,20.9639080020584,19.618355728249
"sub-03","PE","slaser","ul",3,NA,NA
"sub-04","PE","slaser","ul",3,7.14269945231928,0.117262014810807
"sub-05","PE","slaser","ul",3,22.8690017491345,19.0764346593301
"sub-01","PE","slaser","ll",3,11.0316907569068,2.49210827341336
"sub-02","PE","slaser","ll",3,0.447282545568344,9.25381722616218
"sub-03","PE","slaser","ll",3,16.7172908901217,5.2615190585013
"sub-04","PE","slaser","ll",3,9.77580007154438,12.4934164497704
"sub-05","PE","slaser","ll",3,5.35179855992437,0.210703553396048
"sub-01","PE","slaser","ul",7,48.6537380065147,48.9180049109072
"sub-02","PE","slaser","ul",7,3.63978327218481,0.745084570569635
"sub-03","PE","slaser","ul",7,141.42135623731,12.6233249722542
"sub-04","PE","slaser","ul",7,39.5008450128094,39.0649455621306
"sub-05","PE","slaser","ul",7,11.641269817975,14.3750877787216
"sub-01","PE","slaser","ll",7,12.3035339845202,7.85143877493352
"sub-02","PE","slaser","ll",7,4.89879933541517,5.99957081240726
"sub-03","PE","slaser","ll",7,19.8073817051555,22.7884061934996
"sub-04","PE","slaser","ll",7,3.60703587614317,6.9866414488083
"sub-05","PE","slaser","ll",7,1.96394181720213,0.529734358711375
"sub-01","PCho","steam","ul",3,NA,NA
"sub-02","PCho","steam","ul",3,NA,NA
"sub-03","PCho","steam","ul",3,NA,NA
"sub-04","PCho","steam","ul",3,NA,NA
"sub-05","PCho","steam","ul",3,NA,NA
"sub-01","PCho","steam","ll",3,NA,NA
"sub-02","PCho","steam","ll",3,NA,NA
"sub-03","PCho","steam","ll",3,NA,NA
"sub-04","PCho","steam","ll",3,NA,NA
"sub-05","PCho","steam","ll",3,NA,NA
"sub-01","PCho","steam","ul",7,6.38908323458405,9.53320931708066
"sub-02","PCho","steam","ul",7,9.46835533687628,10.1740262701524
"sub-03","PCho","steam","ul",7,25.7437121718623,26.0340788654546
"sub-04","PCho","steam","ul",7,NA,NA
"sub-05","PCho","steam","ul",7,6.01174774135461,6.95948564316816
"sub-01","PCho","steam","ll",7,NA,NA
"sub-02","PCho","steam","ll",7,40.2794617992437,37.6406298830323
"sub-03","PCho","steam","ll",7,19.664094934598,16.8885928734798
"sub-04","PCho","steam","ll",7,NA,NA
"sub-05","PCho","steam","ll",7,NA,NA
"sub-01","PCho","slaser","ul",3,20.028912480878,26.4797787487208
"sub-02","PCho","slaser","ul",3,NA,NA
"sub-03","PCho","slaser","ul",3,2.1515228059237,3.07160767584313
"sub-04","PCho","slaser","ul",3,37.1552232887448,27.9453438046428
"sub-05","PCho","slaser","ul",3,NA,NA
"sub-01","PCho","slaser","ll",3,NA,NA
"sub-02","PCho","slaser","ll",3,NA,NA
"sub-03","PCho","slaser","ll",3,NA,NA
"sub-04","PCho","slaser","ll",3,NA,NA
"sub-05","PCho","slaser","ll",3,NA,NA
"sub-01","PCho","slaser","ul",7,9.21409775659306,8.92160205391651
"sub-02","PCho","slaser","ul",7,NA,NA
"sub-03","PCho","slaser","ul",7,9.76296991689554,7.02296935631889
"sub-04","PCho","slaser","ul",7,NA,NA
"sub-05","PCho","slaser","ul",7,NA,NA
"sub-01","PCho","slaser","ll",7,17.8874045136607,22.2485132048612
"sub-02","PCho","slaser","ll",7,NA,NA
"sub-03","PCho","slaser","ll",7,10.8116956935515,7.82394864412973
"sub-04","PCho","slaser","ll",7,NA,NA
"sub-05","PCho","slaser","ll",7,NA,NA
"sub-01","MacY","steam","ul",3,NA,NA
"sub-02","MacY","steam","ul",3,NA,NA
"sub-03","MacY","steam","ul",3,NA,NA
"sub-04","MacY","steam","ul",3,NA,NA
"sub-05","MacY","steam","ul",3,NA,NA
"sub-01","MacY","steam","ll",3,NA,NA
"sub-02","MacY","steam","ll",3,NA,NA
"sub-03","MacY","steam","ll",3,NA,NA
"sub-04","MacY","steam","ll",3,NA,NA
"sub-05","MacY","steam","ll",3,NA,NA
"sub-01","MacY","steam","ul",7,12.945528352909,9.81182415288747
"sub-02","MacY","steam","ul",7,3.32926427170739,2.88711997842495
"sub-03","MacY","steam","ul",7,6.32169799353117,6.33134892471799
"sub-04","MacY","steam","ul",7,6.70801747804003,8.74398921639562
"sub-05","MacY","steam","ul",7,9.08602817851195,8.08646953533893
"sub-01","MacY","steam","ll",7,4.20694150624799,3.8685250707103
"sub-02","MacY","steam","ll",7,4.269968485426,1.36882159090717
"sub-03","MacY","steam","ll",7,13.8412391210984,11.1339745057918
"sub-04","MacY","steam","ll",7,66.1005824731417,68.592681699894
"sub-05","MacY","steam","ll",7,5.34582446257871,9.02725088331018
"sub-01","MacY","slaser","ul",3,NA,NA
"sub-02","MacY","slaser","ul",3,NA,NA
"sub-03","MacY","slaser","ul",3,NA,NA
"sub-04","MacY","slaser","ul",3,NA,NA
"sub-05","MacY","slaser","ul",3,NA,NA
"sub-01","MacY","slaser","ll",3,NA,NA
"sub-02","MacY","slaser","ll",3,NA,NA
"sub-03","MacY","slaser","ll",3,NA,NA
"sub-04","MacY","slaser","ll",3,NA,NA
"sub-05","MacY","slaser","ll",3,NA,NA
"sub-01","MacY","slaser","ul",7,NA,NA
"sub-02","MacY","slaser","ul",7,NA,NA
"sub-03","MacY","slaser","ul",7,NA,NA
"sub-04","MacY","slaser","ul",7,NA,NA
"sub-05","MacY","slaser","ul",7,NA,NA
"sub-01","MacY","slaser","ll",7,NA,NA
"sub-02","MacY","slaser","ll",7,NA,NA
"sub-03","MacY","slaser","ll",7,NA,NA
"sub-04","MacY","slaser","ll",7,NA,NA
"sub-05","MacY","slaser","ll",7,NA,NA
"sub-01","Lac","steam","ul",3,NA,NA
"sub-02","Lac","steam","ul",3,NA,NA
"sub-03","Lac","steam","ul",3,NA,NA
"sub-04","Lac","steam","ul",3,NA,NA
"sub-05","Lac","steam","ul",3,NA,NA
"sub-01","Lac","steam","ll",3,NA,NA
"sub-02","Lac","steam","ll",3,NA,NA
"sub-03","Lac","steam","ll",3,NA,NA
"sub-04","Lac","steam","ll",3,NA,NA
"sub-05","Lac","steam","ll",3,NA,NA
"sub-01","Lac","steam","ul",7,52.5084291475065,49.7667614842773
"sub-02","Lac","steam","ul",7,20.492367312734,21.1860614623773
"sub-03","Lac","steam","ul",7,19.7379723584883,20.0324669474201
"sub-04","Lac","steam","ul",7,2.50193249445044,0.460084058851493
"sub-05","Lac","steam","ul",7,0.43177408075753,0.517960423565941
"sub-01","Lac","steam","ll",7,0.103193844301673,0.211218297005322
"sub-02","Lac","steam","ll",7,24.210126854031,26.9721841951083
"sub-03","Lac","steam","ll",7,NA,NA
"sub-04","Lac","steam","ll",7,NA,NA
"sub-05","Lac","steam","ll",7,8.50815765948909,12.1818739578443
"sub-01","Lac","slaser","ul",3,NA,NA
"sub-02","Lac","slaser","ul",3,NA,NA
"sub-03","Lac","slaser","ul",3,NA,NA
"sub-04","Lac","slaser","ul",3,NA,NA
"sub-05","Lac","slaser","ul",3,NA,NA
"sub-01","Lac","slaser","ll",3,NA,NA
"sub-02","Lac","slaser","ll",3,NA,NA
"sub-03","Lac","slaser","ll",3,NA,NA
"sub-04","Lac","slaser","ll",3,NA,NA
"sub-05","Lac","slaser","ll",3,NA,NA
"sub-01","Lac","slaser","ul",7,33.0067861550517,13.4121144288355
"sub-02","Lac","slaser","ul",7,21.9467715413349,43.8280361043764
"sub-03","Lac","slaser","ul",7,14.9056658281143,17.6189895097409
"sub-04","Lac","slaser","ul",7,6.38881056210404,5.90983110720608
"sub-05","Lac","slaser","ul",7,NA,NA
"sub-01","Lac","slaser","ll",7,NA,NA
"sub-02","Lac","slaser","ll",7,12.6481590801377,13.7619311951652
"sub-03","Lac","slaser","ll",7,56.703324246487,54.1636424928752
"sub-04","Lac","slaser","ll",7,11.7276479277617,15.0890903966267
"sub-05","Lac","slaser","ll",7,NA,NA
"sub-01","Ala","steam","ul",3,NA,NA
"sub-02","Ala","steam","ul",3,NA,NA
"sub-03","Ala","steam","ul",3,NA,NA
"sub-04","Ala","steam","ul",3,NA,NA
"sub-05","Ala","steam","ul",3,NA,NA
"sub-01","Ala","steam","ll",3,NA,NA
"sub-02","Ala","steam","ll",3,NA,NA
"sub-03","Ala","steam","ll",3,NA,NA
"sub-04","Ala","steam","ll",3,NA,NA
"sub-05","Ala","steam","ll",3,NA,NA
"sub-01","Ala","steam","ul",7,NA,NA
"sub-02","Ala","steam","ul",7,NA,NA
"sub-03","Ala","steam","ul",7,7.03326789409039,6.73354529575042
"sub-04","Ala","steam","ul",7,56.7328552435033,55.0095226792396
"sub-05","Ala","steam","ul",7,NA,NA
"sub-01","Ala","steam","ll",7,NA,NA
"sub-02","Ala","steam","ll",7,NA,NA
"sub-03","Ala","steam","ll",7,NA,NA
"sub-04","Ala","steam","ll",7,NA,NA
"sub-05","Ala","steam","ll",7,NA,NA
"sub-01","Ala","slaser","ul",3,NA,NA
"sub-02","Ala","slaser","ul",3,NA,NA
"sub-03","Ala","slaser","ul",3,NA,NA
"sub-04","Ala","slaser","ul",3,NA,NA
"sub-05","Ala","slaser","ul",3,NA,NA
"sub-01","Ala","slaser","ll",3,NA,NA
"sub-02","Ala","slaser","ll",3,NA,NA
"sub-03","Ala","slaser","ll",3,NA,NA
"sub-04","Ala","slaser","ll",3,NA,NA
"sub-05","Ala","slaser","ll",3,NA,NA
"sub-01","Ala","slaser","ul",7,NA,NA
"sub-02","Ala","slaser","ul",7,NA,NA
"sub-03","Ala","slaser","ul",7,NA,NA
"sub-04","Ala","slaser","ul",7,43.6505722599003,43.2159497185698
"sub-05","Ala","slaser","ul",7,NA,NA
"sub-01","Ala","slaser","ll",7,81.6981460784209,78.6785916591217
"sub-02","Ala","slaser","ll",7,NA,NA
"sub-03","Ala","slaser","ll",7,NA,NA
"sub-04","Ala","slaser","ll",7,NA,NA
"sub-05","Ala","slaser","ll",7,NA,NA
